City,Subject,Participants,Time,Description,State,Date,Date_start,Date_end
Anaheim,"George Floyd, Solidarity - Minneapolis, General - Police Brutality Against Black People",50-60 demonstrators,Evening,At Harbor & Lincoln Ave,CA,"Monday, June 1, 2020",2020-06-01,NA
Springfield,"George Floyd, Solidarity - Minneapolis, General - Police Brutality Against Black People",1000+ demonstrators,Afternoon-Evening,No details included for this demonstration.,IL,"Monday, June 1, 2020",2020-06-01,NA
Lincoln,"George Floyd, Solidarity - Minneapolis, General - Police Brutality Against Black People",Hundreds of demonstrators,Evening,No details included for this demonstration.,NE,"Monday, June 1, 2020",2020-06-01,NA
Omaha,"George Floyd, Solidarity - Minneapolis, General - Police Brutality Against Black People",300+ demonstrators,Evening,No details included for this demonstration.,NE,"Monday, June 1, 2020",2020-06-01,NA
"Dunedin, New Zealand","George Floyd, Solidarity - Minneapolis, General - Police Brutality Against Black People",Hundreds of demonstrators,Afternoon,No details included for this demonstration.,NA,"Monday, June 1, 2020",2020-06-01,NA
"Wellington, New Zealand","George Floyd, Solidarity - Minneapolis, General - Police Brutality Against Black People",Hundreds of demonstrators,Evening,No details included for this demonstration.,NA,"Monday, June 1, 2020",2020-06-01,NA
Albuquerque,"George Floyd, Solidarity - Minneapolis, General - Police Brutality Against Black People",Hundreds of demonstrators,Evening,March in rain,NM,"Monday, June 1, 2020",2020-06-01,NA
Raleigh,"George Floyd, Solidarity - Minneapolis, General - Police Brutality Against Black People",Hundreds (est.) demonstrators,Evening-Morning,No details included for this demonstration.,NC,"Sunday, May 31, 2020 - Monday, June 1, 2020",2020-05-31,2020-06-01
York,"George Floyd, Solidarity - Minneapolis, General - Police Brutality Against Black People",200 demonstrators,Evening,"Rally at Penn Park, march thru city; group splintered near end",PA,"Monday, June 1, 2020",2020-06-01,NA
Williamsburg,"George Floyd, Solidarity - Minneapolis, General - Police Brutality Against Black People",Hundreds of demonstrators,Evening,No details included for this demonstration.,VA,"Monday, June 1, 2020",2020-06-01,NA
Midland,"George Floyd, Solidarity - Minneapolis, General - Police Brutality Against Black People",12 demonstrators,Evening,No details included for this demonstration.,TX,"Monday, June 1, 2020",2020-06-01,NA
"London, England","George Floyd, Solidarity - Minneapolis, General - Police Brutality Against Black People",Thousands of demonstrators,Afternoon (est.),March to US Embassy (street to US Embassy blocked b/c high num of protesters),NA,"Sunday, May 31, 2020",2020-05-31,NA
"Copenhagen, Denmark","George Floyd, Solidarity - Minneapolis, General - Police Brutality Against Black People",2000 demonstrators,Afternoon,No details included for this demonstration.,NA,"Sunday, May 31, 2020",2020-05-31,NA
Youngstown,"George Floyd, Solidarity - Minneapolis, General - Police Brutality Against Black People",200-300 (est.) demonstrators,Afternoon,No details included for this demonstration.,OH,"Sunday, May 31, 2020",2020-05-31,NA
New Haven,"George Floyd, Solidarity - Minneapolis, General - Police Brutality Against Black People",1000+ (est.) demonstrators,Afternoon-Evening,I-95 shutdown,CT,"Sunday, May 31, 2020",2020-05-31,NA
San Diego,"George Floyd, Solidarity - Minneapolis, General - Police Brutality Against Black People",1000 (est.) demonstrators,Afternoon-Evening,No details included for this demonstration.,CA,"Sunday, May 31, 2020",2020-05-31,NA
Modesto,"George Floyd, Solidarity - Minneapolis, General - Police Brutality Against Black People",500 (est.) demonstrators,Morning,No details included for this demonstration.,CA,"Sunday, May 31, 2020",2020-05-31,NA
Charlotte,"George Floyd, Solidarity - Minneapolis, General - Police Brutality Against Black People",3000+ demonstrators,Afternoon,No details included for this demonstration.,NC,"Sunday, May 31, 2020",2020-05-31,NA
Tampa,"George Floyd, Solidarity - Minneapolis, General - Police Brutality Against Black People",Hundreds of demonstrators,Afternoon-Evening,No details for this protest,FL,"Sunday, May 31, 2020",2020-05-31,NA
Boston,"George Floyd, Solidarity - Minneapolis, General - Police Brutality Against Black People",Thousands of demonstrators,Afternoon-Evening,No details for this protest,MA,"Sunday, May 31, 2020",2020-05-31,NA
Lockport,"George Floyd, Solidarity - Minneapolis, General - Police Brutality Against Black People",Dozens of demonstrators,Evening,No details included for this demonstration.,NY,"Monday, June 1, 2020",2020-06-01,NA
"Halifax, Canada","George Floyd, Regis Korchinski-Paquet, Solidarity - Minneapolis, General - Police Brutality Against Black People",Hundreds of demonstrators,Evening,No details included for this demonstration.,NA,"Monday, June 1, 2020",2020-06-01,NA
Chicago,"George Floyd, Solidarity - Minneapolis, General - Police Brutality Against Black People",Thousands of demonstrators,Afternoon-Evening,March from Lakeview to Uptown,IL,"Monday, June 1, 2020",2020-06-01,NA
Seattle,"George Floyd, Solidarity - Minneapolis, General - Police Brutality Against Black People",Hundreds of demonstrators,Afternoon-Evening,No details included for this demonstration.,WA,"Monday, June 1, 2020",2020-06-01,NA
Pittsburgh,"George Floyd, Solidarity - Minneapolis, General - Police Brutality Against Black People",Thousands of demonstrators,Afternoon-Evening,No details included for this demonstration.,PA,"Monday, June 1, 2020",2020-06-01,NA
Philadelphia,"George Floyd, Solidarity - Minneapolis, General - Police Brutality Against Black People",Thousands of demonstrators,Afternoon-Evening,March w/ I-676 shutdown,PA,"Monday, June 1, 2020",2020-06-01,NA
Portland,"George Floyd, Solidarity - Minneapolis, General - Police Brutality Against Black People",1000+ demonstrators,Evening,3 separate marches (will be sorted into 3 separate demonstrations on Elephame at a later date),OR,"Monday, June 1, 2020",2020-06-01,NA
Louisville,"Breonna Taylor, David McAtee, George Floyd, Solidarity - Minneapolis, General - Police Brutality Against Black People",Hundreds (est.) demonstrators,Morning-Evening,"Downtown protest, march to site of McAtee's killing then back downtown",KY,"Monday, June 1, 2020",2020-06-01,NA
Oakland,"George Floyd, Solidarity - Minneapolis, General - Police Brutality Against Black People",Thousands of demonstrators,Evening,No details included for this demonstration.,CA,"Monday, June 1, 2020",2020-06-01,NA
San Francisco,"George Floyd, Solidarity - Minneapolis, General - Police Brutality Against Black People",Thousands of demonstrators,Afternoon,At City Hall,FL,"Monday, June 1, 2020",2020-06-01,NA
Little Rock,"George Floyd, Solidarity - Minneapolis, General - Police Brutality Against Black People",20+ (est.) demonstrators,Morning,Rally at City Hall,AR,"Monday, June 1, 2020",2020-06-01,NA
Denver,"George Floyd, Solidarity - Minneapolis, General - Police Brutality Against Black People",Hundreds of demonstrators,Evening,Impromptu demonstration after curfew,CO,"Monday, June 1, 2020",2020-06-01,NA
Los Angeles,"George Floyd, Solidarity - Minneapolis, General - Police Brutality Against Black People",Thousands of demonstrators,Afternoon-Evening,In Hollywood,CA,"Monday, June 1, 2020",2020-06-01,NA
Los Angeles,"George Floyd, Solidarity - Minneapolis, General - Police Brutality Against Black People",100+ (est.) demonstrators,Afternoon,In Granada Hills,CA,"Monday, June 1, 2020",2020-06-01,NA
Los Angeles,"George Floyd, Solidarity - Minneapolis, General - Police Brutality Against Black People",Hundreds of demonstrators,Afternoon-Evening,"March from City Hall to LAPD HQ, then back to City Hall",CA,"Monday, June 1, 2020",2020-06-01,NA
Riverside,"George Floyd, Solidarity - Minneapolis, General - Police Brutality Against Black People",Hundreds of demonstrators,Afternoon-Evening,Outside Robert Presley Detention Center; some remained after curfew,CA,"Monday, June 1, 2020",2020-06-01,NA
Los Angeles,"George Floyd, Solidarity - Minneapolis, General - Police Brutality Against Black People",200 demonstrators,Evening,"In West Los Angeles/Westwood, rally outside Fed building, march w/ I-405 shutdown",CA,"Monday, June 1, 2020",2020-06-01,NA
Anaheim,"George Floyd, Solidarity - Minneapolis, General - Police Brutality Against Black People",500+ demonstrators,Afternoon,Combination of 3 diff protests marched; some stayed after curfew,CA,"Monday, June 1, 2020",2020-06-01,NA
Anaheim,"George Floyd, Solidarity - Minneapolis, General - Police Brutality Against Black People",Hundreds of demonstrators,Afternoon-Evening,"Rally at La Palma Park, march to City Hall",CA,"Monday, June 1, 2020",2020-06-01,NA
Anaheim,"George Floyd, Solidarity - Minneapolis, General - Police Brutality Against Black People",Unclear # of demonstrators,Evening,Rally at City Hall,CA,"Monday, June 1, 2020",2020-06-01,NA
Dublin,"George Floyd, General - Police Brutality Against Black People",500 demonstrators,Unclear,No details included for this demonstration.,CA,"Monday, June 1, 2020",2020-06-01,NA
New York,"George Floyd, Solidarity - Minneapolis, General - Police Brutality Against Black People",Thousands (est.) demonstrators,Afternoon-Morning,No details for this protest,NY,"Sunday, May 31, 2020 - Monday, June 1, 2020",2020-05-31,2020-06-01
Huntington Beach,"George Floyd, Solidarity - Minneapolis, General - Police Brutality Against Black People",500 demonstrators,Afternoon,No details for this protest,CA,"Sunday, May 31, 2020 - Monday, June 1, 2020",2020-05-31,2020-06-01
Oklahoma City,"George Floyd, Solidarity - Minneapolis, General - Police Brutality Against Black People",600-1000 (est.) demonstrators,Afternoon-Morning,No details for this protest,OK,"Sunday, May 31, 2020 - Monday, June 1, 2020",2020-05-31,2020-06-01
Detroit,"Aiyana Jones, George Floyd, Solidarity - Minneapolis, General - Police Brutality Against Black People",400+ (est.) demonstrators,Afternoon,No details for this protest,MI,"Sunday, May 31, 2020 - Monday, June 1, 2020",2020-05-31,2020-06-01
Portland,"George Floyd, Solidarity - Minneapolis, General - Police Brutality Against Black People",Hundreds of demonstrators,Afternoon-Morning,No details for this protest,OR,"Sunday, May 31, 2020 - Monday, June 1, 2020",2020-05-31,2020-06-01
Murfreesboro,"George Floyd, Solidarity - Minneapolis, General - Police Brutality Against Black People",Hundreds of demonstrators,Evening,Began as silent vigil,TN,"Sunday, May 31, 2020 - Monday, June 1, 2020",2020-05-31,2020-06-01
Little Rock,"George Floyd, Solidarity - Minneapolis, General - Police Brutality Against Black People",1000+ demonstrators,Evening,"Rally at Capitol, march; splinter group rioted",AR,"Monday, June 1, 2020",2020-06-01,NA
Minneapolis,"George Floyd, General - Police Brutality Against Black People",Hundreds (est.) demonstrators,Morning-Evening,Floyd's brother Terrence leads prayer at memorial site,MN,"Monday, June 1, 2020",2020-06-01,NA
Little Rock,"George Floyd, Solidarity - Minneapolis, General - Police Brutality Against Black People",75-100 demonstrators,Evening-Morning,No details included for this demonstration.,AR,"Sunday, May 31, 2020 - Monday, June 1, 2020",2020-05-31,2020-06-01
"Dublin, Ireland","George Floyd, Solidarity - Minneapolis, General - Police Brutality Against Black People",Thousands of demonstrators,Afternoon,No details included for this demonstration.,NA,"Monday, June 1, 2020",2020-06-01,NA
"Calgary, Canada","George Floyd, Solidarity - Minneapolis, General - Police Brutality Against Black People",1000-2000 demonstrators,Afternoon,No details included for this demonstration.,NA,"Monday, June 1, 2020",2020-06-01,NA
Denver,"George Floyd, Breonna Taylor, Solidarity - Minneapolis, Solidarity - Louisville, General - Police Brutality Against Black People",1000+ demonstrators,Evening,March from and back to Capitol (Police Chief marched); rally at Capitol,CO,"Monday, June 1, 2020",2020-06-01,NA
Waukesha,"George Floyd, Solidarity - Minneapolis, General - Police Brutality Against Black People",Hundreds (est.) demonstrators,Morning,No details included for this demonstration.,WI,"Monday, June 1, 2020",2020-06-01,NA
Los Angeles,"George Floyd, Solidarity - Minneapolis, General - Police Brutality Against Black People",Hundreds of demonstrators,Afternoon,"In Van Nuys, roadside demonstration; some stayed after curfew, splinter group rioted",CA,"Monday, June 1, 2020",2020-06-01,NA
Baltimore,"George Floyd, Solidarity - Minneapolis, General - Police Brutality Against Black People",Thousands of demonstrators,Afternoon-Evening,No details included for this demonstration.,MD,"Monday, June 1, 2020",2020-06-01,NA
Tacoma,"George Floyd, Solidarity - Minneapolis, General - Police Brutality Against Black People",Hundreds of demonstrators,Afternoon-Evening,No details included for this demonstration.,WA,"Monday, June 1, 2020",2020-06-01,NA
San Diego,"George Floyd, Solidarity - Minneapolis, General - Police Brutality Against Black People",Hundreds of demonstrators,Afternoon-Evening,No details included for this demonstration.,CA,"Monday, June 1, 2020",2020-06-01,NA
Buffalo,"Quentin Suttles, Buffalo, George Floyd, Solidarity - Minneapolis, General - Police Brutality Against Black People",Hundreds (est.) demonstrators,Afternoon-Evening,No details included for this demonstration.,NY,"Monday, June 1, 2020",2020-06-01,NA
Brownwood,"George Floyd, Solidarity - Minneapolis, General - Police Brutality Against Black People",200+ demonstrators,Afternoon,No details included for this demonstration.,TX,"Monday, June 1, 2020",2020-06-01,NA
Denton,"George Floyd, Solidarity - Minneapolis, General - Police Brutality Against Black People",100 (est.) demonstrators,Evening,No details included for this demonstration.,TX,"Wednesday, June 3, 2020 - Tuesday, June 2, 2020",2020-06-03,2020-06-02
New York,"George Floyd, Solidarity - Minneapolis, General - Police Brutality Against Black People",Hundreds-Thousands (est.) demonstrators,Morning,In Manhattan,NY,"Thursday, June 4, 2020 - Tuesday, June 2, 2020",2020-06-04,2020-06-02
Swampscott,"George Floyd, Solidarity - Minneapolis, General - Police Brutality Against Black People",300+ demonstrators,Afternoon-Evening,No details included for this demonstration.,MA,"Tuesday, June 2, 2020",2020-06-02,NA
York,"George Floyd, Solidarity - Minneapolis, General - Police Brutality Against Black People",1500+ demonstrators,Evening,At Continental Square,PA,"Tuesday, June 2, 2020",2020-06-02,NA
Boise,"George Floyd, Solidarity - Minneapolis, General - Police Brutality Against Black People",3000-5000 demonstrators,Evening,"Vigil at Statehouse, march thru city then back to Statehouse",ID,"Tuesday, June 2, 2020",2020-06-02,NA
Denver,"George Floyd, Solidarity - Minneapolis, General - Police Brutality Against Black People",75+ (est.) demonstrators,Morning,Memorial w/ 8m 45s silence for time officer who killed Floyd put his knee on Floyd's neck,CO,"Thursday, June 4, 2020 - Tuesday, June 2, 2020",2020-06-04,2020-06-02
Hampton,"George Floyd, Solidarity - Minneapolis, General - Police Brutality Against Black People",10+ (est.) demonstrators,Evening,March Peninsula Town Center; group splintered w/ one shutting down I-64,VA,"Tuesday, June 2, 2020",2020-06-02,NA
Fredericksburg,"George Floyd, Solidarity - Minneapolis, General - Police Brutality Against Black People",400 demonstrators,Evening,No details included for this demonstration.,VA,"Tuesday, June 2, 2020",2020-06-02,NA
Newark,"George Floyd, Solidarity - Minneapolis, General - Police Brutality Against Black People",Unclear # of demonstrators,Evening,"Rally at Courthouse Square, ended in dance party",NJ,"Tuesday, June 2, 2020",2020-06-02,NA
New York,"George Floyd, General - Police Brutality Against Black People",Thousands of demonstrators,Afternoon,"In Brooklyn, memorial for George Floyd at Cadman Plaza, march over Brooklyn Bridge",NY,"Thursday, June 4, 2020 - Tuesday, June 2, 2020",2020-06-04,2020-06-02
Washington,"George Floyd, Solidarity - Minneapolis, General - Police Brutality Against Black People",Hundreds-Thousands (est.) demonstrators,Morning-Afternoon,No details included for this demonstration.,DC,"Thursday, June 4, 2020 - Tuesday, June 2, 2020",2020-06-04,2020-06-02
Fort Bragg,"George Floyd, Solidarity - Minneapolis, General - Police Brutality Against Black People",Hundreds of demonstrators,Evening,No details included for this demonstration.,CA,"Tuesday, June 2, 2020",2020-06-02,NA
Merrick,"George Floyd, Solidarity - Minneapolis, General - Police Brutality Against Black People",100+ demonstrators,Evening (est.),White residents blocked protesters from marching,NY,"Tuesday, June 2, 2020",2020-06-02,NA
Midland,"George Floyd, Solidarity - Minneapolis, General - Police Brutality Against Black People",Unclear # of demonstrators,Evening (est.),No details included for this demonstration.,TX,"Tuesday, June 2, 2020",2020-06-02,NA
Nashville,"George Floyd, Breonna Taylor, Solidarity - Minneapolis, General - Police Brutality Against Black People",Thousands of demonstrators,Afternoon-Evening,Teen-led march,TN,"Thursday, June 4, 2020 - Tuesday, June 2, 2020",2020-06-04,2020-06-02
Los Angeles,"George Floyd, Solidarity - Minneapolis, General - Police Brutality Against Black People",Thousands of demonstrators,Evening,No details included for this demonstration.,CA,"Thursday, June 4, 2020 - Tuesday, June 2, 2020",2020-06-04,2020-06-02
Seattle,"George Floyd, Solidarity - Minneapolis, General - Police Brutality Against Black People",Hundreds (est.) demonstrators,Evening,No details included for this demonstration.,WA,"Thursday, June 4, 2020 - Tuesday, June 2, 2020",2020-06-04,2020-06-02
Chicago,"George Floyd, Chcago Public Schools, Chicago Police Department, General - Police Brutality Against Black People",Hundreds (est.) demonstrators,Evening,No details included for this demonstration.,IL,"Thursday, June 4, 2020 - Tuesday, June 2, 2020",2020-06-04,2020-06-02
Portland,"George Floyd, Solidarity - Minneapolis, General - Police Brutality Against Black People",Thousands of demonstrators,Evening,No details included for this demonstration.,OR,"Thursday, June 4, 2020 - Tuesday, June 2, 2020",2020-06-04,2020-06-02
San Ramon,"George Floyd, General - Police Brutality Against Black People",Hundreds of demonstrators,Evening,No details included for this demonstration.,CA,"Tuesday, June 2, 2020",2020-06-02,NA
"Paris, France","Adama Traore, George Floyd, Solidarity - Minneapolis, General - Police Brutality Against Black People",Thousands of demonstrators,Evening,No details included for this demonstration.,NA,"Tuesday, June 2, 2020",2020-06-02,NA
Washington,"George Floyd, Solidarity - Minneapolis, General - Police Brutality Against Black People",Hundreds (est.) demonstrators,Afternoon,No details included for this demonstration.,DC,"Tuesday, June 2, 2020",2020-06-02,NA
Los Angeles,"George Floyd, Solidarity - Minneapolis, General - Police Brutality Against Black People",Thousands of demonstrators,Morning-Afternoon,2 separate groups marching in city,CA,"Tuesday, June 2, 2020",2020-06-02,NA
Boston,"George Floyd, Solidarity - Minneapolis, General - Police Brutality Against Black People",1000+ (est.) demonstrators,Evening,No details included for this demonstration.,MA,"Tuesday, June 2, 2020",2020-06-02,NA
Seattle,"George Floyd, Solidarity - Minneapolis, General - Police Brutality Against Black People",Hundreds (est.) demonstrators,Afternoon,March thru city,WA,"Tuesday, June 2, 2020",2020-06-02,NA
Seattle,"George Floyd, Solidarity - Minneapolis, General - Police Brutality Against Black People",1000 demonstrators,Afternoon,At Emergency Operations Center for Mayor Jenny Durkin's speech,WA,"Tuesday, June 2, 2020",2020-06-02,NA
Philadelphia,"George Floyd, Solidarity - Minneapolis, General - Police Brutality Against Black People",50 demonstrators,Afternoon,No details included for this demonstration.,PA,"Tuesday, June 2, 2020",2020-06-02,NA
Philadelphia,"George Floyd, Solidarity - Minneapolis, General - Police Brutality Against Black People",250 demonstrators,Evening,"In Fishtown, where White men with baseball bats ""patrolled"" the streets during protests the night before",PA,"Tuesday, June 2, 2020",2020-06-02,NA
Philadelphia,"George Floyd, Solidarity - Minneapolis, General - Police Brutality Against Black People",1000 demonstrators,Evening,Two separate marches thru city,PA,"Tuesday, June 2, 2020",2020-06-02,NA
Washington,"George Floyd, Solidarity - Minneapolis, General - Police Brutality Against Black People",Thousands of demonstrators,Afternoon,"At Capitol Hill, outside White House",DC,"Wednesday, June 3, 2020 - Tuesday, June 2, 2020",2020-06-03,2020-06-02
New York,"George Floyd, Breonna Taylor, Solidarity - Minneapolis, General - Police Brutality Against Black People",Hundreds of demonstrators,Afternoon,In Queens (Astoria),NY,"Tuesday, June 2, 2020",2020-06-02,NA
New York,"George Floyd, Solidarity - Minneapolis, General - Police Brutality Against Black People",50-60 demonstrators,Afternoon,In Queens (Bayside),NY,"Tuesday, June 2, 2020",2020-06-02,NA
New York,"George Floyd, Solidarity - Minneapolis, General - Police Brutality Against Black People",1000 demonstrators,Afternoon,"In Manhattan, outside Stonewall Inn",NY,"Tuesday, June 2, 2020",2020-06-02,NA
Oakland,"George Floyd, Breonna Taylor, Solidarity - Minneapolis, General - Police Brutality Against Black People",Hundreds (est.) demonstrators,Afternoon,"In Lake Merritt, attended by Steph Curry, Ayesha Curry & Klay Thompson",CA,"Wednesday, June 3, 2020 - Tuesday, June 2, 2020",2020-06-03,2020-06-02
Seattle,"George Floyd, Solidarity - Minneapolis, General - Police Brutality Against Black People",Hundreds (est.) demonstrators,Afternoon,No details included for this demonstration.,WA,"Wednesday, June 3, 2020 - Tuesday, June 2, 2020",2020-06-03,2020-06-02
San Francisco,"George Floyd, Solidarity - Minneapolis, General - Police Brutality Against Black People",5000 demonstrators,Afternoon-Evening,Rally outside Mission High School,CA,"Wednesday, June 3, 2020 - Tuesday, June 2, 2020",2020-06-03,2020-06-02
San Jose,"George Floyd, Solidarity - Minneapolis, General - Police Brutality Against Black People",100 demonstrators,Afternoon,Outside City Hall,CA,"Wednesday, June 3, 2020 - Tuesday, June 2, 2020",2020-06-03,2020-06-02
Atlanta,"George Floyd, Solidarity - Minneapolis, General - Police Brutality Against Black People",Hundreds (est.) demonstrators,Afternoon-Evening,No details included for this demonstration.,GA,"Wednesday, June 3, 2020 - Tuesday, June 2, 2020",2020-06-03,2020-06-02
Fort Worth,"George Floyd, Solidarity - Minneapolis, General - Police Brutality Against Black People",Unclear # of demonstrators,Evening,No details included for this demonstration.,TX,"Wednesday, June 3, 2020 - Tuesday, June 2, 2020",2020-06-03,2020-06-02
Dallas,"George Floyd, Solidarity - Minneapolis, General - Police Brutality Against Black People",500 demonstrators,Afternoon,"""Conversation Rally"" at City Hall, march to Dealy Plaza then back to City Hall",TX,"Wednesday, June 3, 2020 - Tuesday, June 2, 2020",2020-06-03,2020-06-02
Salem,"George Floyd, Solidarity - Minneapolis, General - Police Brutality Against Black People",100-200 (est.) demonstrators,Evening,No details included for this demonstration.,OR,"Wednesday, June 3, 2020",2020-06-03,NA
Gainesville,"George Floyd, Solidarity - Minneapolis, General - Police Brutality Against Black People",300+ demonstrators,Afternoon,UF student-led protest,FL,"Wednesday, June 3, 2020",2020-06-03,NA
Gainesville,"George Floyd, General - Police Brutality Against Black People",Unclear # of demonstrators,Evening,No details included for this demonstration.,FL,"Wednesday, June 3, 2020",2020-06-03,NA
Big Rapids,"George Floyd, Solidarity - Minneapolis, General - Police Brutality Against Black People",1000+ demonstrators,Afternoon,No details included for this demonstration.,MI,"Wednesday, June 3, 2020",2020-06-03,NA
Grand Island,"George Floyd, Solidarity - Minneapolis, General - Police Brutality Against Black People",40+ demonstrators,Evening,No details included for this demonstration.,NE,"Wednesday, June 3, 2020",2020-06-03,NA
Grand Island,"George Floyd, Solidarity - Minneapolis, General - Police Brutality Against Black People",50 demonstrators,Evening (est.),Vigil at YMCA,NE,"Wednesday, June 3, 2020",2020-06-03,NA
Chicago,"George Floyd, Black-Brown Unity",200 demonstrators,Morning,"In Little Village, march after reported tension btwn Black & Latino Chicagoans after earlier protests",IL,"Wednesday, June 3, 2020",2020-06-03,NA
Garden Grove,"George Floyd, General - Police Brutality Against Black People",3000-4000 demonstrators,Afternoon,Teen-organized,CA,"Wednesday, June 3, 2020",2020-06-03,NA
Piedmont,"George Floyd, General - Police Brutality Against Black People",300 (est.) demonstrators,Evening,No details included for this demonstration.,CA,"Wednesday, June 3, 2020",2020-06-03,NA
Livermore,"George Floyd, General - Police Brutality Against Black People",Dozens of demonstrators,Unclear,Teen-organized,CA,"Tuesday, June 2, 2020",2020-06-02,NA
Binghamton,"George Floyd, Broome County Jail, General - Police Brutality Against Black People",350 demonstrators,Evening,No details included for this demonstration.,NY,"Tuesday, June 2, 2020",2020-06-02,NA
Kingman,"George Floyd, General - Police Brutality Against Black People",Unclear # of demonstrators,Morning-Evening (est.),No details included for this demonstration.,AZ,"Tuesday, June 2, 2020",2020-06-02,NA
Franklin,"George Floyd, General - Police Brutality Against Black People",1000+ demonstrators,Evening,No details included for this demonstration.,MA,"Tuesday, June 2, 2020",2020-06-02,NA
"The Hague, Netherlands","George Floyd, Solidarity - Minneapolis, General - Police Brutality Against Black People",1600 (est.) demonstrators,Evening,Socially distant rally,NA,"Tuesday, June 2, 2020",2020-06-02,NA
Bethesda,"George Floyd, Solidarity - Minneapolis, General - Police Brutality Against Black People",Hundreds (est.) demonstrators,Afternoon,No details included for this demonstration.,MD,"Tuesday, June 2, 2020",2020-06-02,NA
Little Rock,"George Floyd, Solidarity - Minneapolis, General - Police Brutality Against Black People",30-40 (est.) demonstrators,Afternoon,No details included for this demonstration.,AR,"Tuesday, June 2, 2020",2020-06-02,NA
New York,"George Floyd, Solidarity - Minneapolis, General - Police Brutality Against Black People",10000+ (est.) demonstrators,Afternoon-Evening,"In Manhattan, intertwinned rallies & marches thru city & parks, healthcare workers kneeled",NY,"Tuesday, June 2, 2020",2020-06-02,NA
Ocean City,"George Floyd, Solidarity - Minneapolis, General - Police Brutality Against Black People",1500 (est.) demonstrators,Afternoon,No details included for this demonstration.,NJ,"Tuesday, June 2, 2020",2020-06-02,NA
Chicago,"George Floyd, Solidarity - Minneapolis, General - Police Brutality Against Black People",200 (est.) demonstrators,Afternoon,March from Wrigley Field to Town Hall District Station,IL,"Tuesday, June 2, 2020",2020-06-02,NA
Houston,"George Floyd, Solidarity - Minneapolis, General - Police Brutality Against Black People",Thousands of demonstrators,Afternoon,March from Discovery Green to City Hall (Floyd grew up/lived in Houston),TX,"Tuesday, June 2, 2020",2020-06-02,NA
Boston,"George Floyd, Solidarity - Minneapolis, General - Police Brutality Against Black People",Thousands of demonstrators,Afternoon,No details included for this demonstration.,MA,"Wednesday, June 3, 2020",2020-06-03,NA
Framingham,"George Floyd, Solidarity - Minneapolis, General - Police Brutality Against Black People",125+ demonstrators,Afternoon,No details included for this demonstration.,MA,"Wednesday, June 3, 2020",2020-06-03,NA
Springfield,"George Floyd, Solidarity - Minneapolis, General - Police Brutality Against Black People",500+ demonstrators,Afterrnoon,No details included for this demonstration.,MA,"Wednesday, June 3, 2020",2020-06-03,NA
Brunswick,"George Floyd, Solidarity - Minneapolis, General - Police Brutality Against Black People",100 demonstrators,Evening,No details included for this demonstration.,ME,"Wednesday, June 3, 2020",2020-06-03,NA
Newport Beach,"George Floyd, Solidarity - Minneapolis, General - Police Brutality Against Black People",Hundreds of demonstrators,Afternoon,Roadside rally at PCH & MacArthur Blvd,CA,"Wednesday, June 3, 2020",2020-06-03,NA
Newport Beach,"George Floyd, Solidarity - Minneapolis, General - Police Brutality Against Black People",150 demonstrators,Afternoon,At Newport Beach pier,CA,"Wednesday, June 3, 2020",2020-06-03,NA
Newport Beach,"George Floyd, Solidarity - Minneapolis, General - Police Brutality Against Black People",200 demonstrators,Evening,At PCH & Jamboree Rd,CA,"Wednesday, June 3, 2020",2020-06-03,NA
Newport Beach,"George Floyd, Solidarity - Minneapolis, General - Police Brutality Against Black People",100 demonstrators,Evening,Near City Hall,CA,"Wednesday, June 3, 2020",2020-06-03,NA
Boise,"George Floyd, Solidarity - Minneapolis, General - Police Brutality Against Black People",100+ (est.) demonstrators,Evening,No details included for this demonstration.,ID,"Wednesday, June 3, 2020",2020-06-03,NA
San Luis Obispo,"George Floyd, Solidarity - Minneapolis, General - Police Brutality Against Black People",200 demonstrators,Afternoon,"Rally at City Hall, march",CA,"Wednesday, June 3, 2020",2020-06-03,NA
"Airdrie, Alberta, Canada","George Floyd, Solidarity - Minneapolis, General - Police Brutality Against Black People",Hundreds of demonstrators,Afternoon,At Nose Creek Park,NA,"Wednesday, June 3, 2020",2020-06-03,NA
New Haven,"George Floyd, Solidarity - Minneapolis, General - Police Brutality Against Black People",60 demonstrators,Afternoon,"March from New Haven Green, march to police HQ; Police officials met w/ participants",CT,"Wednesday, June 3, 2020",2020-06-03,NA
Fredericksburg,"George Floyd, Solidarity - Minneapolis, General - Police Brutality Against Black People",150 demonstrators,Evening,No details included for this demonstration.,NA,"Wednesday, June 3, 2020",2020-06-03,NA
"Calgary, Alberta, Canada","George Floyd, Solidarity - Minneapolis, General - Police Brutality Against Black People",Hundreds of demonstrators,Afternoon-Evening,March from Poppy Plaza to vigil at Olympic Plaza,NA,"Wednesday, June 3, 2020",2020-06-03,NA
Sonora,"George Floyd, Solidarity - Minneapolis, General - Police Brutality Against Black People",1000 demonstrators,Afternoon,No details included for this demonstration.,CA,"Wednesday, June 3, 2020",2020-06-03,NA
Wilkes-Barre,"George Floyd, Solidarity - Minneapolis, General - Police Brutality Against Black People",Hundreds of demonstrators,Afternoon,March to rally at Public Square,PA,"Wednesday, June 3, 2020",2020-06-03,NA
Washington,"George Floyd, Ahmaud Arbery, Breonna Taylor, General - Police Brutality Against Black People",40 (est.) demonstrators,Morning,"Socially distant 8m 46s moment of silence by US Sen Dems in Emancipation Hall, some knelt",DC,"Wednesday, June 3, 2020",2020-06-03,NA
"Merrick, New York","George Floyd, Solidarity - Minneapolis, General - Police Brutality Against Black People",Thousands of demonstrators,Evening,No details included for this demonstration.,NA,"Wednesday, June 3, 2020",2020-06-03,NA
Lambertville,"George Floyd, Solidarity - Minneapolis, General - Police Brutality Against Black People",350 demonstrators,Evening,No details included for this demonstration.,MI,"Wednesday, June 3, 2020",2020-06-03,NA
Brownsville,"George Floyd, Solidarity - Minneapolis, General - Police Brutality Against Black People",Hundreds of demonstrators,Unclear,No details included for this demonstration.,TX,"Wednesday, June 3, 2020",2020-06-03,NA
Grafton,"George Floyd, General - Police Brutality Against Black People",100+ demonstrators,Evening,No details included for this demonstration.,MA,"Thursday, June 4, 2020",2020-06-04,NA
Burlington,"George Floyd, General - Police Brutality Against Black People",200+ demonstrators,Afternoon,No details included for this demonstration.,WA,"Thursday, June 4, 2020",2020-06-04,NA
Fremont,"George Floyd, General - Police Brutality Against Black People",w00 demonstrators,Afternoon,No details included for this demonstration.,CA,"Thursday, June 4, 2020",2020-06-04,NA
Katy,"George Floyd, General - Police Brutality Against Black People",2000 demonstrators,Evening,Teen-organized,TX,"Thursday, June 4, 2020",2020-06-04,NA
Apple Valley,"George Floyd, General - Police Brutality Against Black People",Hundreds of demonstrators,300-400,No details included for this demonstration.,CA,"Wednesday, June 3, 2020",2020-06-03,NA
Warren Township,"George Floyd, General - Police Brutality Against Black People",200 demonstrators,Morning-Afternoon,No details included for this demonstration.,NJ,"Wednesday, June 3, 2020",2020-06-03,NA
Perrysburg,"George Floyd, General - Police Brutality Against Black People",Dozens of demonstrators,Afternoon,No details included for this demonstration.,OH,"Thursday, June 4, 2020 - Wednesday, June 3, 2020",2020-06-04,2020-06-03
Beaver Dam,"George Floyd, General - Police Brutality Against Black People",24 demonstrators,Afternoon,No details included for this demonstration.,WI,"Wednesday, June 3, 2020",2020-06-03,NA
Carlisle,"George Floyd, General - Police Brutality Against Black People",200 (est.) demonstrators,Hundreds,No details included for this demonstration.,PA,"Wednesday, June 3, 2020",2020-06-03,NA
"London, England","George Floyd, Solidarity - Minneapolis, General - Police Brutality Against Black People",Thousands of demonstrators,Evening,"In Hyde Park, march thru city",NA,"Wednesday, June 3, 2020",2020-06-03,NA
"Stockholm, Sweden","George Floyd, Solidarity - Minneapolis, General - Police Brutality Against Black People",Thousands of demonstrators,Afternoon,No details included for this demonstration.,NA,"Wednesday, June 3, 2020",2020-06-03,NA
West Hollywood,"George Floyd, Solidarity - Minneapolis, General - Police Brutality Against Black People",Hundreds of demonstrators,Afternoon,No details included for this demonstration.,CA,"Wednesday, June 3, 2020",2020-06-03,NA
Oakdale,"George Floyd, Solidarity - Minneapolis, General - Police Brutality Against Black People",Hundreds of demonstrators,Afternoon,No details included for this demonstration.,CA,"Wednesday, June 3, 2020",2020-06-03,NA
New York,"George Floyd, Solidarity - Minneapolis, General - Police Brutality Against Black People",1000 demonstrators,Afternoon-Evening,In Manhattan,NY,"Wednesday, June 3, 2020",2020-06-03,NA
New York,"George Floyd, Solidarity - Minneapolis, General - Police Brutality Against Black People",50 demonstrators,Afternoon,"In Staten Island, rally outside 122nd precinct, march",NY,"Wednesday, June 3, 2020",2020-06-03,NA
Fort Worth,"George Floyd, Solidarity - Minneapolis, Fort Worth, General - Police Brutality Against Black People",Hundreds (est.) demonstrators,Afternoon,Outside Tarrant County Courthouse,TX,"Wednesday, June 3, 2020",2020-06-03,NA
Plano,"George Floyd, Solidarity - Minneapolis, General - Police Brutality Against Black People",350 (est.) demonstrators,Afternoon,"March from Haggard Park to police building, Police Chief marched w/ protesters",TX,"Wednesday, June 3, 2020",2020-06-03,NA
Georgetown,"George Floyd, Solidarity - Minneapolis, General - Police Brutality Against Black People",200+ demonstrators,Unclear,No details included for this demonstration.,TX,"Wednesday, June 3, 2020",2020-06-03,NA
Las Vegas,"George Floyd, Solidarity - Minneapolis, General - Police Brutality Against Black People",300 demonstrators,Evening,No details included for this demonstration.,NV,"Wednesday, June 3, 2020",2020-06-03,NA
La Habra,"George Floyd, Solidarity - Minneapolis, General - Police Brutality Against Black People",200 demonstrators,Afternoon,March from El Centro-Lions Park to rally at La Bonita Park,CA,"Wednesday, June 3, 2020",2020-06-03,NA
Minneapolis,"George Floyd, Ofc. Derek Chauvin, Minneapolis Police Department",Hundreds-Thousands (est.) demonstrators,Continuous,Makeshift memorial at site where Chauvin knelt on Floyd's neck,MN,"Tuesday, May 26, 2020 - Friday, June 5, 2020",2020-05-26,2020-06-05
"Canberra, Australia","George Floyd, Aboriginal People, General - Police Brutality Against Black People",Thousands of demonstrators,Morning,No details included for this demonstration.,NA,"Friday, June 5, 2020",2020-06-05,NA
Chula Vista,"George Floyd, General - Police Brutality Against Black People",100 demonstrators,Afternoon,No details included for this demonstration.,CA,"Thursday, June 4, 2020",2020-06-04,NA
Lewiston,"George Floyd, General - Police Brutality Against Black People",Hundreds of demonstrators,Evening,March from Simard-Payne Park to Auburn City Hall,ME,"Thursday, June 4, 2020",2020-06-04,NA
Laredo,"George Floyd, General - Police Brutality Against Black People",Dozens of demonstrators,Morning,No details included for this demonstration.,TX,"Thursday, June 4, 2020",2020-06-04,NA
Spotsylvania County,"George Floyd, General - Police Brutality Against Black People",50 demonstrators,Afternoon,No details included for this demonstration.,VA,"Thursday, June 4, 2020",2020-06-04,NA
Chagrin Falls,"George Floyd, Solidarity - Minneapolis, General - Police Brutality Against Black People",Unclear # of demonstrators,Afternoon,No details included for this demonstration.,OH,"Thursday, June 4, 2020",2020-06-04,NA
"Hull, England","George Floyd, Solidarity - Minneapolis, General - Police Brutality Against Black People",250 (est.) demonstrators,Afternoon,No details included for this demonstration.,NA,"Thursday, June 4, 2020",2020-06-04,NA
Minneapolis,"George Floyd, General - Police Brutality Against Black People",Hundreds (est.) demonstrators,Afternoon,Memorial for George Floyd with Floyd's family; a crowd gathered outside as well,MN,"Thursday, June 4, 2020",2020-06-04,NA
Monroe,"George Floyd, Solidarity - Minneapolis, General - Police Brutality Against Black People",Hundreds of demonstrators,Morning-Afternoon,No details included for this demonstration.,MI,"Thursday, June 4, 2020",2020-06-04,NA
"Lincoln, England","George Floyd, Solidarity - Minneapolis, General - Police Brutality Against Black People",Hundreds of demonstrators,Evening,No details included for this demonstration.,NA,"Thursday, June 4, 2020",2020-06-04,NA
Grand Island,"George Floyd, Solidarity - Minneapolis, General - Police Brutality Against Black People",Unclear # of demonstrators,Evening,No details included for this demonstration.,NE,"Thursday, June 4, 2020",2020-06-04,NA
Grayslake,"George Floyd, Solidarity - Minneapolis, General - Police Brutality Against Black People",400+ demonstrators,Afternoon,No details included for this demonstration.,IL,"Thursday, June 4, 2020",2020-06-04,NA
Chicago,"George Floyd, Chcago Public Schools, Chicago Police Department, General - Police Brutality Against Black People",Hundreds of demonstrators,Evening,"In Lincoln Park, outside Lincoln Park High School",IL,"Thursday, June 4, 2020",2020-06-04,NA
Chicago,"George Floyd, Chcago Public Schools, Chicago Police Department, General - Police Brutality Against Black People",Hundreds of demonstrators,Evening,Outside CPS district office,IL,"Thursday, June 4, 2020",2020-06-04,NA
Lake Zurich,"George Floyd, Solidarity - Minneapolis, General - Police Brutality Against Black People",Hungreds demonstrators,Evening,No details included for this demonstration.,IL,"Thursday, June 4, 2020",2020-06-04,NA
Pontiac,"George Floyd, Solidarity - Minneapolis, General - Police Brutality Against Black People",300+ demonstrators,Evening,No details included for this demonstration.,MI,"Thursday, June 4, 2020",2020-06-04,NA
Portsmouth,"George Floyd, Solidarity - Minneapolis, General - Police Brutality Against Black People",Hundreds of demonstrators,Evening,No details included for this demonstration.,NH,"Thursday, June 4, 2020",2020-06-04,NA
Howell,"George Floyd, General - Police Brutality Against Black People",Hundreds of demonstrators,Afternoon,No details included for this demonstration.,MI,"Thursday, June 4, 2020",2020-06-04,NA
Fountain Valley,"George Floyd, General - Police Brutality Against Black People",400 demonstrators,Unclear,No details included for this demonstration.,CA,"Thursday, June 4, 2020",2020-06-04,NA
Minneapolis,"George Floyd, Ofc. Derek Chauvin, Minneapolis Police Department",Unclear # of demonstrators,Continuous,Makeshift memorial at site where Chauvin knelt on Floyd's neck,MN,"Tuesday, May 26, 2020 - Monday, June 1, 2020",2020-05-26,2020-06-01
Portland,"George Floyd, Minneapolis",50+ (est.) demonstrators,Continuous,Ongoing vigil outside Justice Center,OR,"Thursday, May 28, 2020 - Monday, June 1, 2020",2020-05-28,2020-06-01
New York,"George Floyd, Minneapolis, General",Thousands (est.) demonstrators,Afternoon-Morning,No details for this protest,NY,"Sunday, May 31, 2020 - Monday, June 1, 2020",2020-05-31,2020-06-01
Huntington Beach,"George Floyd, Minneapolis, General",500 demonstrators,Afternoon,No details for this protest,CA,"Sunday, May 31, 2020 - Monday, June 1, 2020",2020-05-31,2020-06-01
Oklahoma City,"George Floyd, Minneapolis, General",600-1000 (est.) demonstrators,Afternoon-Morning,No details for this protest,OK,"Sunday, May 31, 2020 - Monday, June 1, 2020",2020-05-31,2020-06-01
Detroit,"Aiyana Jones, George Floyd, Minneapolis, General",400+ (est.) demonstrators,Afternoon,No details for this protest,MI,"Sunday, May 31, 2020 - Monday, June 1, 2020",2020-05-31,2020-06-01
Portland,"George Floyd, Minneapolis, General",Hundreds of demonstrators,Afternoon-Morning,No details for this protest,OR,"Sunday, May 31, 2020 - Monday, June 1, 2020",2020-05-31,2020-06-01
Murfreesboro,"George Floyd, Minneapolis, General",Hundreds of demonstrators,Evening,Began as silent vigil,TN,"Sunday, May 31, 2020 - Monday, June 1, 2020",2020-05-31,2020-06-01
"London, England","George Floyd, Minneapolis, General",Thousands of demonstrators,Afternoon (est.),March to US Embassy (street to US Embassy blocked b/c high num of protesters),NA,"Sunday, May 31, 2020",2020-05-31,NA
"Copenhagen, Denmark","George Floyd, Minneapolis, General",2000 demonstrators,Afternoon,No details included for this demonstration.,NA,"Sunday, May 31, 2020",2020-05-31,NA
Youngstown,"George Floyd, Minneapolis, General",200-300 (est.) demonstrators,Afternoon,No details included for this demonstration.,OH,"Sunday, May 31, 2020",2020-05-31,NA
New Haven,"George Floyd, Minneapolis, General",1000+ (est.) demonstrators,Afternoon-Evening,I-95 shutdown,CT,"Sunday, May 31, 2020",2020-05-31,NA
San Diego,"George Floyd, Minneapolis, General",1000 (est.) demonstrators,Afternoon-Evening,No details included for this demonstration.,CA,"Sunday, May 31, 2020",2020-05-31,NA
Modesto,"George Floyd, Minneapolis, General",500 (est.) demonstrators,Morning,No details included for this demonstration.,CA,"Sunday, May 31, 2020",2020-05-31,NA
Charlotte,"George Floyd, Minneapolis, General",3000+ demonstrators,Afternoon,No details included for this demonstration.,NC,"Sunday, May 31, 2020",2020-05-31,NA
Tampa,"George Floyd, Minneapolis, General",Hundreds of demonstrators,Afternoon-Evening,No details for this protest,FL,"Sunday, May 31, 2020",2020-05-31,NA
Boston,"George Floyd, Minneapolis, General",Thousands of demonstrators,Afternoon-Evening,No details for this protest,MA,"Sunday, May 31, 2020",2020-05-31,NA
Kansas City,"George Floyd, Minneapolis, General",1000+ (est.) demonstrators,Afternoon-Evening,No details for this protest,MO,"Sunday, May 31, 2020",2020-05-31,NA
Portland,"George Floyd, Minneapolis, General",300 demonstrators,Afternoon,"March from City Hall to rally at police building; small ""break off"" march",ME,"Sunday, May 31, 2020",2020-05-31,NA
Columbia,"George Floyd, Minneapolis, General",Hundreds of demonstrators,Afternoon,"Rally at Statehouse; some stayed at Statehouse, others marched thru city",SC,"Sunday, May 31, 2020",2020-05-31,NA
Charleston,"George Floyd, Minneapolis, General",200 demonstrators,Afternoon-Evening,No details included for this demonstration.,SC,"Sunday, May 31, 2020",2020-05-31,NA
"Montreal, Canada","George Floyd, Régis Korchinski-Paquet, General",Thousands of demonstrators,Evening,"Rally outside police building, march thru downtown",NA,"Sunday, May 31, 2020",2020-05-31,NA
"Cardiff, Wales","George Floyd, Minneapolis, General",Hundreds of demonstrators,Unclear,Gathering at Cardiff Castle,NA,"Sunday, May 31, 2020",2020-05-31,NA
"Vancouver, Canada","Regis Korchinski-Paquet, George Floyd, Minneapolis, General",Hundreds of demonstrators,Evening,At Vancouver Art Gallery,NA,"Sunday, May 31, 2020",2020-05-31,NA
Columbus,"George Floyd, Minneapolis, General",Hundreds of demonstrators,Evening,No details for this protest,OH,"Sunday, May 31, 2020",2020-05-31,NA
Jacksonville,"George Floyd, Minneapolis, General",Unclear # of demonstrators,Morning-Evening,No details included for this demonstration.,FL,"Sunday, May 31, 2020",2020-05-31,NA
Gainesville,"George Floyd, Minneapolis, General",50 demonstrators,Evening,No details included for this demonstration.,FL,"Sunday, May 31, 2020",2020-05-31,NA
Brattleboro,"George Floyd, Breonna Taylor, Ahmaud Arbery, Sean Reed",1000+ demonstrators,Afternoon,No details included for this demonstration.,VT,"Sunday, May 31, 2020",2020-05-31,NA
Aurora,"George Floyd, Minneapolis, General",Hundreds of demonstrators,Evening,No details included for this demonstration.,IL,"Sunday, May 31, 2020",2020-05-31,NA
Lancaster,"George Floyd, Minneapolis, General",Unclear # of demonstrators,Afternoon,"""Honk and Drive"" car caravan protest; created due to COVID-19 pandemic",PA,"Sunday, May 31, 2020",2020-05-31,NA
Chicago,"George Floyd, Minneapolis, General",Thousands of demonstrators,Afternoon-Evening,No details included for this demonstration.,IL,"Sunday, May 31, 2020",2020-05-31,NA
Houston,"George Floyd, Minneapolis, General",Hundreds (est.) demonstrators,Afternoon-Evening,No details for this protest,TX,"Sunday, May 31, 2020",2020-05-31,NA
Washington,"George Floyd, Minneapolis, General",1000+ demonstrators,Afternoon-Evening,"Outside White House, Trump moved to bunker",DC,"Sunday, May 31, 2020",2020-05-31,NA
Kennesaw,"George Floyd, Minneapolis, General",100+ (est.) demonstrators,Afternoon,No details for this protest,GA,"Sunday, May 31, 2020",2020-05-31,NA
Torrance,"George Floyd, Minneapolis, General",Hundreds of demonstrators,Afternoon,No details included for this demonstration.,CA,"Sunday, May 31, 2020",2020-05-31,NA
Memphis,"George Floyd, Minneapolis, General",Hundreds of demonstrators,Evening-Morning,No details included for this demonstration.,TN,"Saturday, May 30, 2020 - Sunday, May 31, 2020",2020-05-30,2020-05-31
"Manchester, England","George Floyd, Minneapolis, General",Hundreds of demonstrators,Evening,No details included for this demonstration.,NA,"Sunday, May 31, 2020",2020-05-31,NA
Miami,"George Floyd, Minneapolis, General",Hundreds of demonstrators,Afternoon-Evening,No details included for this demonstration.,FL,"Sunday, May 31, 2020",2020-05-31,NA
Fort Lauderdale,"George Floyd, Minneapolis, General",1000 demonstrators,Evening,No details included for this demonstration.,FL,"Sunday, May 31, 2020",2020-05-31,NA
Camden,"George Floyd, Minneapolis, General",Unclear # of demonstrators,Evening,March; police chief marched with protesters,NJ,"Saturday, May 30, 2020",2020-05-30,NA
Modesto,"George Floyd, Minneapolis, General",50-60 (est.) demonstrators,Afternoon,No details included for this demonstration.,CA,"Saturday, May 30, 2020",2020-05-30,NA
Flint,"George Floyd, Minneapolis, General",Hundreds of demonstrators,Evening,No details included for this demonstration.,MI,"Saturday, May 30, 2020",2020-05-30,NA
Gainesville,"George Floyd, Minneapolis, General",Thousands of demonstrators,Afternoon,March from Depot Park to rally at Bo Diddly plaza; splinter march to Gainseville Police building,FL,"Saturday, May 30, 2020",2020-05-30,NA
"London, England","George Floyd, Minneapolis, General",500 (est.) demonstrators,Afternoon-Evening (est.),"In Peckham, rally & march thru city",NA,"Saturday, May 30, 2020",2020-05-30,NA
Burlington,"George Floyd, Minneapolis, Burlington, General",1200 demonstrators,Morning-Evening,March from Battery Park to Burlington Police Department,VT,"Saturday, May 30, 2020",2020-05-30,NA
Atlanta,"George Floyd, Minneapolis, General",Thousands of demonstrators,Evening-Morning,"Organized march from Centennial Olympic Park to rally at Capitol then back to Park; impromptu gathering at CNN Center, march through city w/ highway s",GA,"Friday, May 29, 2020 - Saturday, May 30, 2020",2020-05-29,2020-05-30
Minneapolis,"George Floyd, Ofc. Derek Chauvin, Minneapolis Police Department",Thousands of demonstrators,Evening-Morning,"Rallies/gatherings outside multiple police buildings, marches through city, rioting",MN,"Friday, May 29, 2020 - Saturday, May 30, 2020",2020-05-29,2020-05-30
Detroit,"Sha’Teina Grady El, Washtenaw County Sheriff, George Floyd, Minneapolis, General",1500 demonstrators,Afternoon-Morning,Organized ally outside Detroit Public Safety Headquarters; impromptu marches through city,MI,"Friday, May 29, 2020 - Saturday, May 30, 2020",2020-05-29,2020-05-30
Washington,"George Floyd, Minneapolis",2000 demonstrators,Evening-Morning,"Rally outside White House (White House on lockdown); marches through city to Trump Hotel, Capitol building",DC,"Friday, May 29, 2020 - Saturday, May 30, 2020",2020-05-29,2020-05-30
Louisville,"Breonna Taylor, George Floyd, General",Hundreds (est.) demonstrators,Evening-Morning,Current protest marching (final details will be updated on 5/30/20),KY,"Friday, May 29, 2020 - Saturday, May 30, 2020",2020-05-29,2020-05-30
Eugene,"George Floyd, Minneapolis, General",300+ demonstrators,Evening-Morning,March from County Courthouse through city,OR,"Friday, May 29, 2020 - Saturday, May 30, 2020",2020-05-29,2020-05-30
Los Angeles,"George Floyd, Minneapolis, General",Hundreds (est.) demonstrators,Evening-Morning,"March through city, shutdown of Freeway-110",CA,"Friday, May 29, 2020 - Saturday, May 30, 2020",2020-05-29,2020-05-30
Lancaster,"George Floyd, Minneapolis, General",Hundreds of demonstrators,Morning,At Lancaster PD,PA,"Saturday, May 30, 2020",2020-05-30,NA
Cincinnati,"George Floyd, Minneapolis, General",300-500 (est.) demonstrators,Evening-Morning,"Rally at Courthouse, march through city w/ I-95 shutdown",OH,"Friday, May 29, 2020 - Saturday, May 30, 2020",2020-05-29,2020-05-30
Denver,"George Floyd, Minneapolis, General",Hundreds of demonstrators,Afternoon-Evening,"Rally at Capitol, march through streets; became tense after curfew announced & police arrived in riot/military gear",CO,"Saturday, May 30, 2020",2020-05-30,NA
New York,"George Floyd, Minneapolis, General",Thousands of demonstrators,Afternoon-Evening,Numerous marches through city,NY,"Saturday, May 30, 2020",2020-05-30,NA
Sacramento,"George Floyd, Minneapolis, General",700 demonstrators,Continuous,"Organized rally at Capitol, march through city; impromptu march thru city became tense at Sacramento County Main Jail",CA,"Saturday, May 30, 2020",2020-05-30,NA
Nashville,"George Floyd, Minneapolis, General",1 demonstrators,Afternoon,Lone protester outside Capitol holding demonstration hours before organized protest,TN,"Saturday, May 30, 2020",2020-05-30,NA
Dallas,"George Floyd, Minneapolis, General",1000+ demonstrators,Afternoon,"Rally at City Hall, march thru city w/ I-35E shutdown",TX,"Saturday, May 30, 2020",2020-05-30,NA
Philadelphia,"George Floyd, Minneapolis, General",100+ (est.) demonstrators,Afternoon,Impromptu confrontational march through city,PA,"Saturday, May 30, 2020",2020-05-30,NA
Newark,"George Floyd, Minneapolis, General",Hundreds (est.) demonstrators,Afternoon,March from & back to rally at Lincoln Monument,NJ,"Saturday, May 30, 2020",2020-05-30,NA
Des Moines,"George Floyd, Minneapolis, General",1000+ demonstrators,Afternoon-Morning,March w/ protesters kneeling during moment of silence,IA,"Saturday, May 30, 2020",2020-05-30,NA
Madison,"George Floyd, Minneapolis, General",150 (est.) demonstrators,Afternoon,Impromptu march/riot through city,WI,"Saturday, May 30, 2020",2020-05-30,NA
Austin,"George Floyd, Minneapolis, Mike Ramos, General",400+ (est.) demonstrators,Afternoon,"Rally at Austin PD building, march w/ I-35 shutdown",TX,"Saturday, May 30, 2020",2020-05-30,NA
Minneapolis,"George Floyd, Minneapolis, General",Hundreds (est.) demonstrators,Afternoon,No details included for this demonstration.,MN,"Saturday, May 30, 2020",2020-05-30,NA
Columbus,"George Floyd, Minneapolis, General",2000 demonstrators,Morning-Evening,Organized rally at & march around Statehouse; march thru city w/ tension escalated by police,OH,"Saturday, May 30, 2020",2020-05-30,NA
Chicago,"George Floyd, Ahmaud Arbery, Breonna Taylor, Minneapolis, General",3000 demonstrators,Afternoon-Evening,"Rally at Federal Plaza, march through city w/ Lake Shore Drive shutdown, sit-ins in street; march became more confrontational after organized event en",IL,"Saturday, May 30, 2020",2020-05-30,NA
Greensboro,"George Floyd, Minneapolis, General",200+ (est.) demonstrators,Afternoon-Evening,"Rally at Civil Rights Center, march w/ I-40 shutdown",NC,"Saturday, May 30, 2020",2020-05-30,NA
Los Angeles,"George Floyd, Minneapolis, General",10000 demonstrators,Afternoon,"Organized rally at Pan Pacific Park; impromptu march thru city w/ chants of ""eat the rich"" in Beverly Hills, grew more confrontational into evening",CA,"Saturday, May 30, 2020",2020-05-30,NA
Washington,"George Floyd, Minneapolis, General",Unclear # of demonstrators,Evening,No details included for this demonstration.,DC,"Saturday, May 30, 2020",2020-05-30,NA
Baltimore,"George Floyd, Minneapolis, General",Hundreds (est.) demonstrators,Afternoon,No details included for this demonstration.,MD,"Saturday, May 30, 2020",2020-05-30,NA
Temecula,"George Floyd, Minneapolis, General",500 demonstrators,Morning-Afternoon,1st protest of the day at Duck Pond,CA,"Saturday, May 30, 2020",2020-05-30,NA
Temecula,"George Floyd, Minneapolis, Breonna Taylor, Louisville, General",150+ (est.) demonstrators,Afternoon,2nd protest of the day at Duck Pond,CA,"Saturday, May 30, 2020",2020-05-30,NA
Riverside,"George Floyd, Minneapolis, General",50 demonstrators,Afternoon,Socially distanced (due COVID-19) roadside protest,CA,"Saturday, May 30, 2020",2020-05-30,NA
Rancho Cucamonga,"George Floyd, Minneapolis, General",200 demonstrators,Morning-Afternoon,No details included for this demonstration.,CA,"Saturday, May 30, 2020",2020-05-30,NA
Pomona,"George Floyd, Minneapolis, General",250 demonstrators,Afternoon,"Roadside protest, march to City Hall",CA,"Saturday, May 30, 2020",2020-05-30,NA
Los Angeles,"George Floyd, Minneapolis, Boyle Heights, General",300 demonstrators,Afternoon,"In Boyle Heights, rally at Mariachi Plaza",CA,"Saturday, May 30, 2020",2020-05-30,NA
San Antonio,"George Floyd, Minneapolis, General",5000 demonstrators,Evening,No details included for this demonstration.,TX,"Saturday, May 30, 2020",2020-05-30,NA
Grand Rapids,"George Floyd, Minneapolis, Breonna Taylor, Louisville, General",Unclear # of demonstrators,Evening,"Rally at Rosa Parks Circle, one march to Grand Rapids PD building & another through downtown",MI,"Saturday, May 30, 2020",2020-05-30,NA
Pittsburgh,"George Floyd, Minneapolis, General",Thousands of demonstrators,Afternoon-Evening,No details for this protest,PA,"Saturday, May 30, 2020",2020-05-30,NA
Harrisburg,"George Floyd, Minneapolis, General",Hundreds of demonstrators,Afternoon-Evening,No details included for this demonstration.,PA,"Saturday, May 30, 2020",2020-05-30,NA
Fargo,"George Floyd, Minneapolis, General",2000 demonstrators,Morning-Evening,No details included for this demonstration.,ND,"Saturday, May 30, 2020",2020-05-30,NA
Seattle,"George Floyd, Minneapolis, John T. Williams (nonblack), General",Thousands of demonstrators,Afternoon-Evening,March w/ shutdown of I-5,WA,"Saturday, May 30, 2020",2020-05-30,NA
Seattle,"George Floyd, Minneapolis, General",Hundreds of demonstrators,Afternoon,"Rally outside Seattle PD building, march on sidewalks",WA,"Saturday, May 30, 2020",2020-05-30,NA
Nashville,"George Floyd, Minneapolis, General",Hundreds of demonstrators,Afternoon,"Rally at Legislative Plaza, march through city",TN,"Saturday, May 30, 2020",2020-05-30,NA
Salt Lake City,"George Floyd, Minneapolis, General",Thousands of demonstrators,Afternoon-Evening,No details included for this demonstration.,UT,"Saturday, May 30, 2020",2020-05-30,NA
Toledo,"George Floyd, Minneapolis, General",Hundreds of demonstrators,Afternoon-Evening,No details included for this demonstration.,OH,"Saturday, May 30, 2020",2020-05-30,NA
Raleigh,"George Floyd, Minneapolis, Breonna Taylor, Louisville, General",Thousands of demonstrators,Evening,"Rally at County Courthouse, multiple marches",NC,"Saturday, May 30, 2020",2020-05-30,NA
Durham,"George Floyd, Minneapolis, General",200 demonstrators,Afternoon,March to Courthouse & police HQ; mini-rallies on stops during march,NC,"Saturday, May 30, 2020",2020-05-30,NA
Durham,"George Floyd, Minneapolis, General",100 demonstrators,Evening,"Rally at Five Points, march through city",NC,"Saturday, May 30, 2020",2020-05-30,NA
Fayetteville,"George Floyd, Minneapolis, General",Unclear # of demonstrators,Evening,No details included for this demonstration.,NC,"Saturday, May 30, 2020",2020-05-30,NA
La Mesa,"La Mesa Police Department, George Floyd, Minneapolis, General",1000 demonstrators,Afteroon-Evening,"Gathering at PD buidling, march through city w/ I-55 shutdown",CA,"Saturday, May 30, 2020",2020-05-30,NA
Santa Ana,"George Floyd, Minneapolis, General",200 demonstrators,Evening,No details included for this demonstration.,CA,"Saturday, May 30, 2020",2020-05-30,NA
Little Rock,"George Floyd, Minneapolis, General",300-400 demonstrators,Evening,March w/ I-630 shutdown,AR,"Saturday, May 30, 2020",2020-05-30,NA
New York,"George Floyd, Minneapolis, General",100 (est.) demonstrators,Afternoon,Impromptu march thru downtown w/ flag burning,NY,"Saturday, May 30, 2020",2020-05-30,NA
Newark,"George Floyd, Minneapolis, General",100+ (est.) demonstrators,Afternoon,Impromptu march thru downtown ending 1st precinct building,NJ,"Saturday, May 30, 2020",2020-05-30,NA
New Orleans,"George Floyd, Minneapolis, General",1000+ (est.) demonstrators,Afternoon,Socially distanced march from Duncan Plaza to New Orleans police building,LA,"Saturday, May 30, 2020",2020-05-30,NA
New Orleans,"George Floyd, Minneapolis, General",1500 demonstrators,Evening,2.5 hour rally at Duncan Plaza,LA,"Saturday, May 30, 2020",2020-05-30,NA
New Orleans,"George Floyd, Minneapolis, General",100 demonstrators,Morning,"Rally at Audubon Park, march on sidewalk",LA,"Saturday, May 30, 2020",2020-05-30,NA
Baton Rouge,"George Floyd, Minneapolis, General",Unclear # of demonstrators,Morning,Vigil at Elevate Church,LA,"Saturday, May 30, 2020",2020-05-30,NA
Philadelphia,"George Floyd, Minneapolis, General",3000 demonstrators,Afternoon,"Organized rally at City Hall began at noon, march to BLM Philly protest at Philadelphia Museum of Art",PA,"Saturday, May 30, 2020",2020-05-30,NA
Philadelphia,"Regis Korchinski-Paquet, Tony McDade, George Floyd, Breonna Taylor, Ahmaud Arbery, Minneapolis, Louisville, General",3000 demonstrators,Afternoon,Organized by BLM Philly (began at 2pm); Rally at Philadelphia Museum of Art,PA,"Saturday, May 30, 2020",2020-05-30,NA
Philadelphia,"Philadelphia, George Floyd, Minneapolis, General",Unclear # of demonstrators,Afternoon-Evening,Impromptu gathering at & vandalism of statue of former Mayor Frank L. Rizzo,PA,"Saturday, May 30, 2020",2020-05-30,NA
Madison,"George Floyd, Breonna Taylor, Tony McDade, Sean Reed, Tony Robinson, Minneapolis, General",Unclear # of demonstrators,Afternoon,Organized rally at Capitol,WI,"Saturday, May 30, 2020",2020-05-30,NA
Des Moines,"George Floyd, Minneapolis, General",200 (est.) demonstrators,Evening,"Rally outside Des Moines police building, confrontational march through city",IA,"Saturday, May 30, 2020",2020-05-30,NA
Greensboro,"George Floyd, Minneapolis, General",150 demonstrators,Evening,2nd protest of day in Greensboro,NC,"Saturday, May 30, 2020",2020-05-30,NA
Oak Park,"George Floyd, Minneapolis, General",20 (est.) demonstrators,Evening,No details included for this demonstration.,IL,"Saturday, May 30, 2020",2020-05-30,NA
Bakersfield,"George Floyd, Minneapolis, General",200-300 demonstrators,Evening,No details included for this demonstration.,CA,"Saturday, May 30, 2020",2020-05-30,NA
Louisville,"Breonna Taylor, George Floyd, Minneapolis, General",Hunreds demonstrators,Evening,No details included for this demonstration.,KY,"Saturday, May 30, 2020",2020-05-30,NA
Phoenix,"George Floyd, Minneapolis, General",Hundreds of demonstrators,Evening,No details included for this demonstration.,AZ,"Saturday, May 30, 2020",2020-05-30,NA
Minneapolis,"George Floyd, Ofc. Derek Chauvin, Minneapolis Police Department",Hundreds of demonstrators,Afternoon-Morning,"Rally, picket, riot beginning outside 3rd precinct building, which was burned down; CNN reporter and film crew arrested",MN,"Thursday, May 28, 2020 - Friday, May 29, 2020",2020-05-28,2020-05-29
Denver,"George Floyd, Breonna Taylor, Sean Reed, General",Hundreds of demonstrators,Evening,"Rally outside Capitol, march through city; gun shots from unknown source; car ran over 3 protesters & another car allegedly tried to run over 1 protes",CO,"Thursday, May 28, 2020 - Friday, May 29, 2020",2020-05-28,2020-05-29
Denver,"George Floyd, Breonna Taylor, Sean Reed, General",Dozens of demonstrators,Evening,I-25 shutdown by group formed partially from earlier protest at Capitol,CO,"Thursday, May 28, 2020 - Friday, May 29, 2020",2020-05-28,2020-05-29
New York,"George Floyd, Minneapolis, Breonna Taylor, Louisville, General",Thousands of demonstrators,Evening,"In Brooklyn, rally outside Barclay's Center; march through borough w/ attempts to takeover NYPD precinct buildings",NY,"Friday, May 29, 2020",2020-05-29,NA
Houston,"George Floyd, Minneapolis, General",Hundreds (est.) demonstrators,Afternoon,"March from Discovery Green to City Hall, rally",TX,"Friday, May 29, 2020",2020-05-29,NA
Chicago,"George Floyd, Minneapolis",Hundreds (est.) demonstrators,Evening,March through city w/ highway blockade; reenactment of Floyd killing,IL,"Friday, May 29, 2020",2020-05-29,NA
Portland,"George Floyd, Minneapolis",1000+ demonstrators,Evening-Morning,"Organized vigil in Peninsula Park, march to Justice Center; impromptu march through city",OR,"Friday, May 29, 2020",2020-05-29,NA
Portland,"George Floyd, Minneapolis",Hundreds (est.) demonstrators,Evening,3+ hour march through city; most wore masks due to COVID-19,ME,"Friday, May 29, 2020",2020-05-29,NA
Portland,"George Floyd, Minneapolis",Unclear # of demonstrators,Afternoon-Evening,March from City Hall to police station to Monument Square,ME,"Friday, May 29, 2020",2020-05-29,NA
Fort Wayne,"George Floyd, Minneapolis, General",Hundreds (est.) demonstrators,Evening,Current protest (final details will be updated on 5/30/20),IN,"Friday, May 29, 2020",2020-05-29,NA
Kansas City,"George Floyd, Minneapolis, General",Hundreds of demonstrators,Evening,"Rally at County Club Plaza, march through city",MO,"Friday, May 29, 2020",2020-05-29,NA
Las Vegas,"George Floyd, Minneapolis",Hundreds (est.) demonstrators,Afternoon-Evening,On the Vegas strip,NV,"Friday, May 29, 2020",2020-05-29,NA
San Jose,"George Floyd, Minneapolis",300+ (est.) demonstrators,Afternoon-Evening,"Rally, march from City Hall w/ shutdown of Highway 101",CA,"Friday, May 29, 2020",2020-05-29,NA
Boston,"George Floyd, Minneapolis, Terrence Coleman, Ahmaud Arbery, Breonna Taylor",Hundreds (est.) demonstrators,Evening,"Current protest that began as rally in Peters Park against killing of Floyd, became march through city",MA,"Friday, May 29, 2020",2020-05-29,NA
Lexington,"Breonna Taylor, George Floyd",Hundreds (est.) demonstrators,Evening,March through city; 8-minute die-in for 8 times Taylor was shot by police,KY,"Friday, May 29, 2020",2020-05-29,NA
New York,"Christian Cooper, Amy Cooper, DA Cyrus Vance, George Floyd, Breonna Taylor, Ahmaud Arbery, General",Hundreds (est.) demonstrators,Afternoon-Evening,"In Manhattan, rally at Foley Square, march to Vance's office",NY,"Friday, May 29, 2020",2020-05-29,NA
Houston,"George Floyd, Minneapolis, General",Hundreds (est.) demonstrators,Evening,Impromptu march through city with street & highway blockades,TX,"Friday, May 29, 2020",2020-05-29,NA
Dallas,"George Floyd, Breonna Taylor, Minneapolis, Louisville, General",150 demonstrators,Evening,"Rally, march incl. I-35E shutdown",TX,"Friday, May 29, 2020",2020-05-29,NA
Fort Worth,"Atatiana Jefferson, George Floyd, Minneapolis, General",100-200 demonstrators,Evening,"Organized rally, march from County Courthouse to Convention Center; impromptu march through city",TX,"Friday, May 29, 2020",2020-05-29,NA
Lancaster,"George Floyd, Minneapolis, General",Unclear # of demonstrators,Evening,No details included for this demonstration.,PA,"Friday, May 29, 2020",2020-05-29,NA
Charlotte,"George Floyd, Minneapolis, General",250 demonstrators,Evening,Outside Beatties Ford precinct building,NC,"Friday, May 29, 2020",2020-05-29,NA
Des Moines,"George Floyd, Minneapolis, General",Hundreds of demonstrators,Evening,Rally outside police dept,IA,"Friday, May 29, 2020",2020-05-29,NA
Des Moines,"George Floyd, Minneapolis, General",Hundreds of demonstrators,Evening,Impromptu march through city,IA,"Friday, May 29, 2020",2020-05-29,NA
Oakland,"George Floyd, Minneapolis, General",Hundreds (est.) demonstrators,Evening,March from to Oakland police building; march split in two separate through city,CA,"Friday, May 29, 2020",2020-05-29,NA
Knoxville,"George Floyd, Minneapolis, General",Hundreds of demonstrators,Evening,Rally outside Knoxville PD building,TN,"Friday, May 29, 2020",2020-05-29,NA
Knoxville,"George Floyd, Minneapolis, Tamir Rice, Walter Scott, Stephon Clarke, Breonna Taylor, General",Hundreds of demonstrators,Evening,Impromptu march through city,TN,"Friday, May 29, 2020",2020-05-29,NA
Sacramento,"George Floyd, Minneapolis, General",1000 demonstrators,Evening,"Rally, march through city",CA,"Friday, May 29, 2020",2020-05-29,NA
Minneapolis,"George Floyd, Ofc. Derek Chauvin, Minneapolis Police Department",Thousands of demonstrators,Evening,"Rally outside County Gov Center, 3-hr march thru city",MN,"Thursday, May 28, 2020",2020-05-28,NA
Minneapolis,"George Floyd, Ofc. Derek Chauvin, Minneapolis Police Department",Hundreds of demonstrators,Evening (est.),March on E. 26th street,MN,"Thursday, May 28, 2020",2020-05-28,NA
St. Paul,"George Floyd, Ofc. Derek Chauvin, Minneapolis Police Department",Unclear # of demonstrators,Afternoon,"Rally, picket in Target parking lot against Floyd's killing; repeated thefts, burning of businesses",MN,"Thursday, May 28, 2020",2020-05-28,NA
Oakdale,"George Floyd, Ofc. Derek Chauvin, Marcus Golden",150 (est.) demonstrators,Afternoon-Evening,"Outside the home of Chauvin, who killed Floyd; aunt of Golden, who was killed by St. Paul police in 2015, participated & was arrested",MN,"Thursday, May 28, 2020",2020-05-28,NA
Denver,"George Floyd, Breonna Taylor, Sean Reed, General",200 (est.) demonstrators,Evening,Outside Denver PD District 6 building,CO,"Thursday, May 28, 2020",2020-05-28,NA
Columbus,George Floyd,400 demonstrators,Evening,"March around Capitol; rally in, shutdown of intersection",OH,"Thursday, May 28, 2020",2020-05-28,NA
Columbus,"George Floyd, Minneapolis",Unclear # of demonstrators,Evening,At Livingston & Lockbourne intersection,OH,"Thursday, May 28, 2020",2020-05-28,NA
New York,"George Floyd, Minneapolis",Hundreds of demonstrators,Afternoon,Rally in Union Square; in defiance of COVID-19 gathering restrictions; most wore masks due to COVID-19 pandemic,NY,"Thursday, May 28, 2020",2020-05-28,NA
Framingham,"George Floyd, Minneapolis, General",30 demonstrators,Afternoon,Roadside demonstration by Framingham High School alumni,MA,"Thursday, May 28, 2020",2020-05-28,NA
Los Angeles,"George Floyd, Minneapolis",Hundreds of demonstrators,Afternoon-Evening,"Against killing of Floyd; rally outside LA County Hall of Justice, march & shutdown of 101 freeway; many wore masks due to COVID-19 pandemic",CA,"Wednesday, May 27, 2020",2020-05-27,NA
Minneapolis,"George Floyd, Ofc. Derek Chauvin, Minneapolis Police Department",Thousands of demonstrators,Evening,Rally & riot outside 3rd precinct station; many wore masks due to COVID-19 pandemic,MN,"Wednesday, May 27, 2020",2020-05-27,NA
Oakdale,"George Floyd, Ofc. Derek Chauvin",100+ demonstrators,Evening,"Outside the home of Chauvin, who killed Floyd",MN,"Wednesday, May 27, 2020",2020-05-27,NA
Minneapolis,"George Floyd, Ofc. Derek Chauvin, Minneapolis Police Department",50 (est.) demonstrators,Morning-Afternoon,At site where Chauvin knelt on Floyd's neck,MN,"Wednesday, May 27, 2020",2020-05-27,NA
Duluth,"George Floyd, Ofc. Derek Chauvin, Minneapolis Police Department, General",100+ demonstrators,Afternoon-Evening,Against killing of Floyd by Chauvin; shutdown of intersection; most wore masks & organizers brought masks due to COVID-19 pandemic,MN,"Wednesday, May 27, 2020",2020-05-27,NA
Houston,George Floyd,200+ demonstrators,Evening,Vigil at Emancipation Park; Floyd lived in Houston's 3rd ward for most of his life,TX,"Wednesday, May 27, 2020",2020-05-27,NA
Memphis,"George Floyd, Breonna Taylor, Ahmaud Arbery",50-60 demonstrators,Evening,No details included for this demonstration.,TN,"Wednesday, May 27, 2020",2020-05-27,NA
Minneapolis,"George Floyd, Minneapolis Police Department",Thousands of demonstrators,Evening,March from site where officer knelt on Floyd's neck (Floyd later died) to 3rd precinct; many wore masks due to COVID-19 pandemic,MN,"Tuesday, May 26, 2020",2020-05-26,NA
Chicago,"George Floyd, Minneapolis",Dozens of demonstrators,Evening,Outside Chicago Public Safety Headquarters in solidarity with Minneapolis over killing of Floyd by police,IL,"Tuesday, May 26, 2020",2020-05-26,NA
Milwaukee,"George Floyd, Minneapolis, Milwaukee, General",Hundreds (est.) demonstrators,Afternoon-Morning,"Rally, march through city w/ I-43 & I-94 shutdowns",WI,"Friday, May 29, 2020",2020-05-29,NA
